user_id,session_id,window_start,window_end,mean_dwell,std_dwell,mean_flight,std_flight,typing_speed,backspace_rate,pause_count,mean_pressure,gyro_std,raw_score,mapped_class,predicted_class
U08,72400b56-18c6-45b6-9679-fa1619d3b628,1774795396059,1774795411401,43.95,33.80011,509.26315,422.71802,78.21666,0.35,0,0.5,0.4531434,,,HIGH_STRESS
U08,72400b56-18c6-45b6-9679-fa1619d3b628,1774795550522,1774795565547,50.0,35.824776,235.95,196.77626,163.72713,0.29268292,0,0.5,0.79417163,,,HIGH_STRESS
U08,72400b56-18c6-45b6-9679-fa1619d3b628,1774795565547,1774795580873,59.298244,25.426857,364.32352,305.82883,223.1502,0.5614035,0,0.5,0.07308135,,,HIGH_STRESS
U08,72400b56-18c6-45b6-9679-fa1619d3b628,1774795715667,1774795734094,46.57143,41.14732,2475.6667,5075.9707,22.79264,0.42857143,1,0.5,0.3990702,,,HIGH_STRESS
U08,72400b56-18c6-45b6-9679-fa1619d3b628,1774795734094,1774795750155,51.6,33.170536,305.3111,272.64343,168.10909,0.24444444,0,0.5,0.15135369,,,HIGH_STRESS
U08,72400b56-18c6-45b6-9679-fa1619d3b628,1774795750155,1774795766268,68.416664,22.85993,1274.3334,1867.2325,44.684418,0.0,3,0.5,0.3135308,,,CALM
U08,72400b56-18c6-45b6-9679-fa1619d3b628,1774945553999,1774945569799,55.333332,25.48202,1736.875,2860.726,34.177216,0.11111111,1,0.5,0.2016862,,,HIGH_STRESS
U08,72400b56-18c6-45b6-9679-fa1619d3b628,1774973881644,1774973896836,65.411766,23.115377,220.08696,228.6941,201.4218,0.1764706,0,0.5,0.104149155,,,HIGH_STRESS
